ACCOUNT_ID,USERNAME,PASSWORD,ROLE,EMPLOYEE_ID,CUSTOMER_ID
A001,achang,123,Quản lý chi nhánh,E000014,
A002,greenwilliam,123,Quản lý chi nhánh,E000013,
A003,thull,123,Quản lý chi nhánh,E000007,
A004,nhoward,123,Quản lý chi nhánh,E000002,
A005,juancampos,123,Quản lý chi nhánh,E000004,
A006,vanessa89,123,Quản lý chi nhánh,E000005,
A007,kyleblair,123,Quản lý chi nhánh,E000001,
A008,thomas15,123,Quản lý chi nhánh,E000015,
A009,ostewart,123,Quản lý chi nhánh,E000008,
A010,tammywoods,123,Quản lý chi nhánh,E000011,
A011,bryan80,123,Quản lý chi nhánh,E000009,
A012,cortezraymond,123,Quản lý chi nhánh,E000010,
A013,salazarmaria,123,Quản lý chi nhánh,E000003,
A014,john51,123,Quản lý chi nhánh,E000012,
A015,sallywalker,123,Quản lý chi nhánh,E000006,
A016,lindawest,123,Nhân viên,E007330,
A017,kaisernancy,123,Nhân viên,E006957,
A018,jrodriguez,123,Nhân viên,E010545,
A019,jasmine85,123,Nhân viên,E002139,
A020,tamaramorrison,123,Nhân viên,E005115,
A021,sean96,123,Nhân viên,E007493,
A022,barbara42,123,Nhân viên,E003431,
A023,lorijohnson,123,Nhân viên,E006811,
A024,thomas12,123,Nhân viên,E008268,
A025,sandrakirby,123,Nhân viên,E003132,
A026,hmassey,123,Nhân viên,E004160,
A027,aimee33,123,Nhân viên,E011943,
A028,criley,123,Nhân viên,E013070,
A029,skeller,123,Nhân viên,E002261,
A030,christopher91,123,Nhân viên,E005982,
A031,vmatthews,123,Nhân viên,E006799,
A032,johndennis,123,Nhân viên,E011512,
A033,thorntonnathan,123,Nhân viên,E003393,
A034,marvincabrera,123,Nhân viên,E007303,
A035,loganmelissa,123,Nhân viên,E003308,
A036,brandonberry,123,Nhân viên,E009837,
A037,johnsoncynthia,123,Nhân viên,E013685,
A038,myersmitchell,123,Nhân viên,E000469,
A039,johnsonandrew,123,Nhân viên,E010276,
A040,jennifermendoza,123,Nhân viên,E003835,
A041,gilesandrew,123,Nhân viên,E006685,
A042,qoliver,123,Nhân viên,E008999,
A043,walkerdeborah,123,Nhân viên,E002316,
A044,ryan08,123,Nhân viên,E005447,
A045,gwilliams,123,Nhân viên,E003291,
A046,wgonzalez,123,Nhân viên,E013581,
A047,kmassey,123,Nhân viên,E005498,
A048,heidiharris,123,Nhân viên,E003591,
A049,kramereric,123,Nhân viên,E005896,
A050,matthewking,123,Nhân viên,E011443,
A051,awade,123,Nhân viên,E014870,
A052,kmaldonado,123,Nhân viên,E014791,
A053,deborah64,123,Nhân viên,E001812,
A054,annsmith,123,Nhân viên,E005190,
A055,rogersbrandon,123,Nhân viên,E006275,
A056,dennis75,123,Nhân viên,E012350,
A057,emily99,123,Nhân viên,E012271,
A058,jenniferhughes,123,Nhân viên,E001468,
A059,fpoole,123,Nhân viên,E001819,
A060,wheelerholly,123,Nhân viên,E006006,
A061,johnwalsh,123,Nhân viên,E002975,
A062,rpage,123,Nhân viên,E008170,
A063,sjohnson,123,Nhân viên,E010209,
A064,tbarton,123,Nhân viên,E004057,
A065,martincaleb,123,Nhân viên,E003405,
A066,seandyer,123,Nhân viên,E013228,
A067,hensontroy,123,Nhân viên,E000606,
A068,mary06,123,Nhân viên,E010078,
A069,amymccarty,123,Nhân viên,E006880,
A070,monroedavid,123,Nhân viên,E001594,
A071,moraleserika,123,Nhân viên,E000593,
A072,aaron00,123,Nhân viên,E013279,
A073,leecharlene,123,Nhân viên,E001170,
A074,morganramirez,123,Nhân viên,E003485,
A075,craignash,123,Nhân viên,E008845,
A076,bburton,123,Nhân viên,E000511,
A077,robin14,123,Nhân viên,E006071,
A078,desireeroth,123,Nhân viên,E003983,
A079,darin24,123,Nhân viên,E001236,
A080,williamsjamie,123,Nhân viên,E009655,
A081,angela59,123,Nhân viên,E002612,
A082,mathissusan,123,Nhân viên,E008730,
A083,djoseph,123,Nhân viên,E000074,
A084,iwatson,123,Nhân viên,E009540,
A085,jaredmatthews,123,Nhân viên,E002527,
A086,taylorjoseph,123,Nhân viên,E004320,
A087,kristine15,123,Nhân viên,E008444,
A088,williamsfrank,123,Nhân viên,E012522,
A089,michael82,123,Nhân viên,E008501,
A090,danny30,123,Nhân viên,E012491,
A091,hayden81,123,Nhân viên,E007950,
A092,richard54,123,Nhân viên,E010683,
A093,zwells,123,Nhân viên,E000057,
A094,david17,123,Nhân viên,E004831,
A095,vjohnson,123,Nhân viên,E004557,
A096,samanthasims,123,Nhân viên,E000949,
A097,odrake,123,Nhân viên,E014128,
A098,joneschristopher,123,Nhân viên,E006296,
A099,brucesmith,123,Nhân viên,E000539,
A100,shawkins,123,Nhân viên,E012651,
A101,ymora,123,Nhân viên,E012943,
A102,rodneyrichardson,123,Nhân viên,E001728,
A103,brenda26,123,Nhân viên,E002973,
A104,michaelbrown,123,Nhân viên,E004630,
A105,leachshannon,123,Nhân viên,E003294,
A106,davidsanders,123,Nhân viên,E003625,
A107,danielleshea,123,Nhân viên,E011450,
A108,cindygarcia,123,Nhân viên,E004163,
A109,igray,123,Nhân viên,E007470,
A110,danielcarlson,123,Nhân viên,E002361,
A111,zhernandez,123,Nhân viên,E004282,
A112,frich,123,Nhân viên,E006123,
A113,martha73,123,Nhân viên,E009332,
A114,alecthornton,123,Nhân viên,E000964,
A115,lisa08,123,Nhân viên,E007885,
A116,nancymorrison,123,Nhân viên,E007410,
A117,meganaguilar,123,Nhân viên,E012917,
A118,fjones,123,Nhân viên,E001911,
A119,jonesdavid,123,Nhân viên,E000802,
A120,alexis75,123,Nhân viên,E010557,
A121,laurenmelton,123,Nhân viên,E003512,
A122,gschmitt,123,Nhân viên,E011105,
A123,gsantana,123,Nhân viên,E001382,
A124,berryerika,123,Nhân viên,E001551,
A125,burgessrebecca,123,Nhân viên,E013835,
A126,keithsantana,123,Nhân viên,E012728,
A127,epetersen,123,Nhân viên,E010725,
A128,olawson,123,Nhân viên,E002337,
A129,sandovalaaron,123,Nhân viên,E000796,
A130,kevinhudson,123,Nhân viên,E006551,
A131,cameron44,123,Nhân viên,E014507,
A132,ycruz,123,Nhân viên,E000240,
A133,martinselena,123,Nhân viên,E003818,
A134,justingreer,123,Nhân viên,E007779,
A135,mcmahontimothy,123,Nhân viên,E009801,
A136,travisboyer,123,Nhân viên,E008430,
A137,nunezedward,123,Nhân viên,E012515,
A138,robert97,123,Nhân viên,E015050,
A139,gellis,123,Nhân viên,E008921,
A140,bosborne,123,Nhân viên,E014125,
A141,georgedavid,123,Nhân viên,E004005,
A142,daniel85,123,Nhân viên,E001135,
A143,patrickfrank,123,Nhân viên,E010408,
A144,drodriguez,123,Nhân viên,E011025,
A145,vmendez,123,Nhân viên,E012490,
A146,montesjennifer,123,Nhân viên,E008505,
A147,kristina26,123,Nhân viên,E013091,
A148,sabrina18,123,Nhân viên,E005598,
A149,benjaminmyers,123,Nhân viên,E003629,
A150,katherine75,123,Nhân viên,E009637,
A151,huberrachel,123,Nhân viên,E002019,
A152,tuckerrachel,123,Nhân viên,E006039,
A153,jerryfrank,123,Nhân viên,E000918,
A154,hhunter,123,Nhân viên,E008344,
A155,ronaldknight,123,Nhân viên,E007315,
A156,wallsrobert,123,Nhân viên,E004261,
A157,perryeric,123,Nhân viên,E001350,
A158,moodyryan,123,Nhân viên,E002451,
A159,ujohnson,123,Nhân viên,E007145,
A160,christian11,123,Nhân viên,E000330,
A161,heather55,123,Nhân viên,E012041,
A162,alejandromccann,123,Nhân viên,E011874,
A163,chad23,123,Nhân viên,E007336,
A164,harrisemily,123,Nhân viên,E003458,
A165,adkinskelly,123,Nhân viên,E009407,
A166,cantujesse,123,Nhân viên,E005138,
A167,jacobrodriguez,123,Nhân viên,E014970,
A168,jasmine42,123,Nhân viên,E001738,
A169,levymichael,123,Nhân viên,E007592,
A170,swoodward,123,Nhân viên,E008960,
A171,jack11,123,Nhân viên,E010724,
A172,eric22,123,Nhân viên,E012211,
A173,lesliesanchez,123,Nhân viên,E002752,
A174,kellybarnes,123,Nhân viên,E002373,
A175,callahancarolyn,123,Nhân viên,E009486,
A176,emiller,123,Nhân viên,E000505,
A177,robertpierce,123,Nhân viên,E005767,
A178,brittanyevans,123,Nhân viên,E002054,
A179,christopher75,123,Nhân viên,E005163,
A180,bennettalan,123,Nhân viên,E013051,
A181,scott54,123,Nhân viên,E007219,
A182,ldavis,123,Nhân viên,E002519,
A183,hillangela,123,Nhân viên,E000810,
A184,lauragriffin,123,Nhân viên,E002178,
A185,alopez,123,Nhân viên,E001298,
A186,dthompson,123,Nhân viên,E014551,
A187,sharon25,123,Nhân viên,E001710,
A188,fwelch,123,Nhân viên,E011897,
A189,sfischer,123,Nhân viên,E004811,
A190,greershane,123,Nhân viên,E009149,
A191,tsmith,123,Nhân viên,E014864,
A192,mackcristina,123,Nhân viên,E004144,
A193,rogerpotter,123,Nhân viên,E010216,
A194,gregorykathleen,123,Nhân viên,E010473,
A195,amysullivan,123,Nhân viên,E013457,
A196,martineznicole,123,Nhân viên,E013037,
A197,smithraymond,123,Nhân viên,E011241,
A198,vwallace,123,Nhân viên,E002831,
A199,michael39,123,Nhân viên,E010178,
A200,johnsonlaura,123,Nhân viên,E010715,
A201,amanda18,123,Nhân viên,E008815,
A202,pamelagill,123,Nhân viên,E000966,
A203,perrykeith,123,Nhân viên,E005670,
A204,audreyburton,123,Nhân viên,E009250,
A205,jenkinscynthia,123,Nhân viên,E013985,
A206,yfigueroa,123,Nhân viên,E002341,
A207,kelly59,123,Nhân viên,E004731,
A208,ericterry,123,Nhân viên,E004687,
A209,dmorales,123,Nhân viên,E009685,
A210,anitaevans,123,Nhân viên,E001185,
A211,nnewton,123,Nhân viên,E011198,
A212,gburns,123,Nhân viên,E003471,
A213,trevor07,123,Nhân viên,E000655,
A214,douglas70,123,Nhân viên,E007298,
A215,anthonyruiz,123,Nhân viên,E012261,
A216,mathistiffany,123,Nhân viên,E004866,
A217,parksjudy,123,Nhân viên,E004284,
A218,csmith,123,Nhân viên,E010134,
A219,oliveryvonne,123,Nhân viên,E002572,
A220,jessica32,123,Nhân viên,E005223,
A221,james67,123,Nhân viên,E005800,
A222,patrick56,123,Nhân viên,E012207,
A223,thernandez,123,Nhân viên,E012177,
A224,alexandriaanderson,123,Nhân viên,E012565,
A225,seanclarke,123,Nhân viên,E013243,
A226,fsimmons,123,Nhân viên,E008831,
A227,yblair,123,Nhân viên,E005291,
A228,scottharris,123,Nhân viên,E004850,
A229,bullockarthur,123,Nhân viên,E010900,
A230,pittsmichael,123,Nhân viên,E013170,
A231,jesseevans,123,Nhân viên,E004306,
A232,bushwilliam,123,Nhân viên,E000325,
A233,kelsey56,123,Nhân viên,E013831,
A234,sbrown,123,Nhân viên,E006622,
A235,fcarpenter,123,Nhân viên,E000221,
A236,janet35,123,Nhân viên,E010839,
A237,bobby02,123,Nhân viên,E013577,
A238,adam02,123,Nhân viên,E000171,
A239,buchananerin,123,Nhân viên,E013375,
A240,ogrant,123,Nhân viên,E006853,
A241,mlee,123,Nhân viên,E013665,
A242,obrienchristopher,123,Nhân viên,E000333,
A243,marcus75,123,Nhân viên,E012275,
A244,anthony03,123,Nhân viên,E009733,
A245,christopher85,123,Nhân viên,E007648,
A246,maryking,123,Nhân viên,E001402,
A247,larry64,123,Nhân viên,E013240,
A248,tcooper,123,Nhân viên,E002689,
A249,bradleyvilla,123,Nhân viên,E003217,
A250,smithtyler,123,Nhân viên,E006516,
A251,zwilliams,123,Nhân viên,E005389,
A252,dwerner,123,Nhân viên,E003865,
A253,fwilson,123,Nhân viên,E010490,
A254,coreycannon,123,Nhân viên,E003960,
A255,nhenson,123,Nhân viên,E009736,
A256,bsalazar,123,Nhân viên,E008022,
A257,lwilliams,123,Nhân viên,E005943,
A258,tracyanderson,123,Nhân viên,E003331,
A259,sarah56,123,Nhân viên,E006011,
A260,hawkinsjustin,123,Nhân viên,E008602,
A261,jenniferwaters,123,Nhân viên,E002163,
A262,qherrera,123,Nhân viên,E014707,
A263,jesse19,123,Nhân viên,E007476,
A264,thompsonrobert,123,Nhân viên,E005242,
A265,justinfitzgerald,123,Nhân viên,E011912,
A266,harmonzachary,123,Nhân viên,E011565,
A267,martinezdeanna,123,Nhân viên,E002638,
A268,maddoxannette,123,Nhân viên,E011277,
A269,emilywarner,123,Nhân viên,E000198,
A270,jeffrey31,123,Nhân viên,E008205,
A271,emily35,123,Nhân viên,E001239,
A272,kmitchell,123,Nhân viên,E014110,
A273,lisatran,123,Nhân viên,E009430,
A274,michael02,123,Nhân viên,E011762,
A275,lmoore,123,Nhân viên,E003856,
A276,taylorjamie,123,Nhân viên,E014670,
A277,shudson,123,Nhân viên,E005471,
A278,joeanderson,123,Nhân viên,E013063,
A279,kathleengomez,123,Nhân viên,E005794,
A280,cristinalester,123,Nhân viên,E000657,
A281,jensenanthony,123,Nhân viên,E003080,
A282,tracy40,123,Nhân viên,E008240,
A283,angelamartin,123,Nhân viên,E015034,
A284,vlamb,123,Nhân viên,E014696,
A285,tpayne,123,Nhân viên,E007001,
A286,greencassandra,123,Nhân viên,E001333,
A287,lorrainefloyd,123,Nhân viên,E007944,
A288,nacevedo,123,Nhân viên,E014106,
A289,edwardsjulie,123,Nhân viên,E012191,
A290,matthewalexander,123,Nhân viên,E007207,
A291,jordanpowers,123,Nhân viên,E013310,
A292,andre98,123,Nhân viên,E004525,
A293,oconnoredward,123,Nhân viên,E009388,
A294,henrybryan,123,Nhân viên,E014736,
A295,bradyperez,123,Nhân viên,E001101,
A296,carl05,123,Nhân viên,E013270,
A297,ntaylor,123,Nhân viên,E003235,
A298,wgraham,123,Nhân viên,E009676,
A299,gregory56,123,Nhân viên,E005106,
A300,qsmith,123,Nhân viên,E013024,
A301,kmalone,123,Nhân viên,E005122,
A302,ortizpeter,123,Nhân viên,E001749,
A303,masonchristy,123,Nhân viên,E004737,
A304,christopheryoung,123,Nhân viên,E000089,
A305,johnjohnson,123,Nhân viên,E012424,
A306,juliamassey,123,Nhân viên,E004123,
A307,jennifersimmons,123,Nhân viên,E012064,
A308,oliverstephen,123,Nhân viên,E014857,
A309,christinawilliams,123,Nhân viên,E003357,
A310,linda60,123,Nhân viên,E007129,
A311,crawfordmichael,123,Nhân viên,E011154,
A312,stephenromero,123,Nhân viên,E002023,
A313,jillsullivan,123,Nhân viên,E005324,
A314,alyssa48,123,Nhân viên,E005965,
A315,xmadden,123,Nhân viên,E006855,
A316,sarah07,123,Khách hàng,,083074C
A317,zgriffith,123,Khách hàng,,091863C
A318,tyler04,123,Khách hàng,,053014C
A319,kingerin,123,Khách hàng,,047537C
A320,wanda38,123,Khách hàng,,039872C
A321,paul43,123,Khách hàng,,006806C
A322,knightmark,123,Khách hàng,,012120C
A323,brendacortez,123,Khách hàng,,090211C
A324,francisco25,123,Khách hàng,,081868C
A325,richardsbrett,123,Khách hàng,,093310C
A326,stephaniecox,123,Khách hàng,,024565C
A327,marcus69,123,Khách hàng,,034084C
A328,aarcher,123,Khách hàng,,011697C
A329,ashleyramos,123,Khách hàng,,021933C
A330,sarah74,123,Khách hàng,,039506C
A331,chadboyle,123,Khách hàng,,084096C
A332,stephanie28,123,Khách hàng,,072169C
A333,bryanfowler,123,Khách hàng,,004647C
A334,davidcrystal,123,Khách hàng,,078015C
A335,rfischer,123,Khách hàng,,053084C
A336,justin64,123,Khách hàng,,082658C
A337,amanda85,123,Khách hàng,,084784C
A338,james62,123,Khách hàng,,016117C
A339,bradyeric,123,Khách hàng,,070809C
A340,cward,123,Khách hàng,,040889C
A341,zfields,123,Khách hàng,,047836C
A342,rachelcox,123,Khách hàng,,048211C
A343,erinmccoy,123,Khách hàng,,033787C
A344,vsmith,123,Khách hàng,,017615C
A345,ashleyallen,123,Khách hàng,,029267C
A346,sierrahouse,123,Khách hàng,,014966C
A347,berryjoel,123,Khách hàng,,033377C
A348,zshields,123,Khách hàng,,011635C
A349,rubiofrank,123,Khách hàng,,091830C
A350,reillycynthia,123,Khách hàng,,010514C
A351,johnny59,123,Khách hàng,,074833C
A352,christopher07,123,Khách hàng,,056689C
A353,farmerjames,123,Khách hàng,,074661C
A354,xhughes,123,Khách hàng,,089873C
A355,cterry,123,Khách hàng,,023532C
A356,kgomez,123,Khách hàng,,021508C
A357,anneramirez,123,Khách hàng,,074408C
A358,sanderssamantha,123,Khách hàng,,044914C
A359,bobknight,123,Khách hàng,,043117C
A360,michael13,123,Khách hàng,,084647C
A361,powersthomas,123,Khách hàng,,061511C
A362,sarah05,123,Khách hàng,,069417C
A363,wwhitehead,123,Khách hàng,,052677C
A364,richard29,123,Khách hàng,,083228C
A365,richardtorres,123,Khách hàng,,069413C
A366,martinpatricia,123,Khách hàng,,011197C
A367,tthornton,123,Khách hàng,,078733C
A368,blairapril,123,Khách hàng,,020153C
A369,wherring,123,Khách hàng,,027263C
A370,millergreg,123,Khách hàng,,054948C
A371,james45,123,Khách hàng,,074106C
A372,kimberly87,123,Khách hàng,,088968C
A373,katherinecole,123,Khách hàng,,032900C
A374,benjaminrichards,123,Khách hàng,,056777C
A375,huangleslie,123,Khách hàng,,038415C
A376,leekrystal,123,Khách hàng,,049048C
A377,lisaboyd,123,Khách hàng,,031050C
A378,roberta27,123,Khách hàng,,007128C
A379,stephenslori,123,Khách hàng,,038682C
A380,aaron11,123,Khách hàng,,092474C
A381,klawson,123,Khách hàng,,049267C
A382,yrogers,123,Khách hàng,,032600C
A383,vanessa12,123,Khách hàng,,003061C
A384,sara22,123,Khách hàng,,040895C
A385,morgancathy,123,Khách hàng,,056659C
A386,gutierrezbryan,123,Khách hàng,,094535C
A387,laura09,123,Khách hàng,,065955C
A388,michaelconley,123,Khách hàng,,007812C
A389,russellscott,123,Khách hàng,,016470C
A390,emily97,123,Khách hàng,,010204C
A391,dwhite,123,Khách hàng,,043763C
A392,james61,123,Khách hàng,,049178C
A393,cole05,123,Khách hàng,,030628C
A394,thompsonchristina,123,Khách hàng,,069609C
A395,morriskrystal,123,Khách hàng,,015799C
A396,dalvarez,123,Khách hàng,,076418C
A397,qgibbs,123,Khách hàng,,089124C
A398,wongcody,123,Khách hàng,,057784C
A399,cookstephanie,123,Khách hàng,,083767C
A400,jdonaldson,123,Khách hàng,,020800C
A401,susan06,123,Khách hàng,,008383C
A402,eric82,123,Khách hàng,,044531C
A403,gregmccall,123,Khách hàng,,020279C
A404,sherryvilla,123,Khách hàng,,064925C
A405,sonya76,123,Khách hàng,,008960C
A406,perezcynthia,123,Khách hàng,,071585C
A407,george35,123,Khách hàng,,047667C
A408,frankfisher,123,Khách hàng,,079193C
A409,nancy26,123,Khách hàng,,027988C
A410,martinbrandy,123,Khách hàng,,089427C
A411,lhiggins,123,Khách hàng,,008725C
A412,andrewholloway,123,Khách hàng,,099169C
A413,johnsonkimberly,123,Khách hàng,,025860C
A414,berrydylan,123,Khách hàng,,012302C
A415,emilyjames,123,Khách hàng,,038237C
A416,barnesashley,123,Khách hàng,,082511C
A417,jennifer25,123,Khách hàng,,019079C
A418,amandajones,123,Khách hàng,,044750C
A419,wknight,123,Khách hàng,,088422C
A420,reynoldsryan,123,Khách hàng,,093360C
A421,zjames,123,Khách hàng,,056035C
A422,deannasanders,123,Khách hàng,,033130C
A423,houstonwhitney,123,Khách hàng,,058864C
A424,amy99,123,Khách hàng,,024488C
A425,rmcdowell,123,Khách hàng,,068297C
A426,carrmichelle,123,Khách hàng,,023124C
A427,gmaynard,123,Khách hàng,,015861C
A428,thomasphilip,123,Khách hàng,,071655C
A429,zsimon,123,Khách hàng,,013371C
A430,tmiddleton,123,Khách hàng,,045189C
A431,kmunoz,123,Khách hàng,,032821C
A432,matthewjenkins,123,Khách hàng,,019765C
A433,kathleen15,123,Khách hàng,,083471C
A434,douglas57,123,Khách hàng,,019850C
A435,gonzalezsusan,123,Khách hàng,,042906C
A436,jennifernguyen,123,Khách hàng,,029588C
A437,swalters,123,Khách hàng,,078146C
A438,ajohnson,123,Khách hàng,,096310C
A439,nicholas35,123,Khách hàng,,065960C
A440,davidaustin,123,Khách hàng,,061825C
A441,anthonyray,123,Khách hàng,,062285C
A442,tjones,123,Khách hàng,,036495C
A443,stricklandamy,123,Khách hàng,,077073C
A444,garyclark,123,Khách hàng,,029608C
A445,anthonytaylor,123,Khách hàng,,097196C
A446,nkelly,123,Khách hàng,,047044C
A447,jennifer51,123,Khách hàng,,080687C
A448,qayala,123,Khách hàng,,022773C
A449,matthewmason,123,Khách hàng,,049961C
A450,amanda26,123,Khách hàng,,094859C
A451,jimmy65,123,Khách hàng,,021512C
A452,gfry,123,Khách hàng,,065406C
A453,tami61,123,Khách hàng,,079927C
A454,dylansilva,123,Khách hàng,,037419C
A455,terrydeborah,123,Khách hàng,,078233C
A456,caitlinmorrison,123,Khách hàng,,089576C
A457,adamsjessica,123,Khách hàng,,060815C
A458,nicholasleon,123,Khách hàng,,075157C
A459,wilsonmichael,123,Khách hàng,,007611C
A460,rflores,123,Khách hàng,,052206C
A461,swood,123,Khách hàng,,005203C
A462,elizabeth32,123,Khách hàng,,034814C
A463,deleonwilliam,123,Khách hàng,,010436C
A464,anthonyday,123,Khách hàng,,028260C
A465,natalieholmes,123,Khách hàng,,075935C
A466,samuelsutton,123,Khách hàng,,056741C
A467,andrew26,123,Khách hàng,,092107C
A468,nicolecunningham,123,Khách hàng,,033819C
A469,fnoble,123,Khách hàng,,084631C
A470,gcook,123,Khách hàng,,068849C
A471,nwilliams,123,Khách hàng,,067702C
A472,adamswilliam,123,Khách hàng,,098927C
A473,lkennedy,123,Khách hàng,,078763C
A474,ambermoore,123,Khách hàng,,015407C
A475,stephenrivers,123,Khách hàng,,094873C
A476,along,123,Khách hàng,,030706C
A477,bakerjerry,123,Khách hàng,,055425C
A478,phillipsmichael,123,Khách hàng,,029404C
A479,taylormichelle,123,Khách hàng,,050713C
A480,brendagonzalez,123,Khách hàng,,093154C
A481,atkinsangela,123,Khách hàng,,075658C
A482,gklein,123,Khách hàng,,091671C
A483,xhansen,123,Khách hàng,,001727C
A484,monique03,123,Khách hàng,,001932C
A485,tylerjoyce,123,Khách hàng,,049493C
A486,jeffrey75,123,Khách hàng,,035386C
A487,christopher49,123,Khách hàng,,093984C
A488,xperez,123,Khách hàng,,091179C
A489,jvalencia,123,Khách hàng,,061699C
A490,keithgonzalez,123,Khách hàng,,091798C
A491,ykeller,123,Khách hàng,,093767C
A492,justin92,123,Khách hàng,,096912C
A493,moralesvincent,123,Khách hàng,,049100C
A494,tperez,123,Khách hàng,,089314C
A495,crystal56,123,Khách hàng,,029551C
A496,michael64,123,Khách hàng,,041417C
A497,castillokelly,123,Khách hàng,,041531C
A498,pmoore,123,Khách hàng,,096230C
A499,sarahmorgan,123,Khách hàng,,081415C
A500,danielreyes,123,Khách hàng,,082317C
A501,dmarshall,123,Khách hàng,,073513C
A502,emmashaw,123,Khách hàng,,020746C
A503,hhall,123,Khách hàng,,038765C
A504,davislogan,123,Khách hàng,,052985C
A505,lorireynolds,123,Khách hàng,,034424C
A506,johnstonbilly,123,Khách hàng,,020425C
A507,bakerjessica,123,Khách hàng,,016568C
A508,danielrobles,123,Khách hàng,,065408C
A509,anthony00,123,Khách hàng,,018708C
A510,inichols,123,Khách hàng,,080328C
A511,underwoodcatherine,123,Khách hàng,,021848C
A512,christopherowens,123,Khách hàng,,095383C
A513,meyerchristine,123,Khách hàng,,010460C
A514,ljones,123,Khách hàng,,030670C
A515,jeremyperry,123,Khách hàng,,008572C
A516,baguirre,123,Khách hàng,,032227C
A517,patrickcannon,123,Khách hàng,,033460C
A518,anthony55,123,Khách hàng,,041292C
A519,erica29,123,Khách hàng,,018750C
A520,kingdakota,123,Khách hàng,,061441C
A521,nelsonheather,123,Khách hàng,,040158C
A522,nicholasberry,123,Khách hàng,,051588C
A523,james88,123,Khách hàng,,064626C
A524,hansenheather,123,Khách hàng,,027018C
A525,cmartinez,123,Khách hàng,,008913C
A526,jwhite,123,Khách hàng,,075866C
A527,david46,123,Khách hàng,,020081C
A528,cunninghammatthew,123,Khách hàng,,090762C
A529,shawnbell,123,Khách hàng,,087510C
A530,transusan,123,Khách hàng,,045035C
A531,pwalker,123,Khách hàng,,002580C
A532,thomas23,123,Khách hàng,,095187C
A533,pcampbell,123,Khách hàng,,096323C
A534,jgreene,123,Khách hàng,,036412C
A535,lopezsarah,123,Khách hàng,,023201C
A536,shaheric,123,Khách hàng,,077758C
A537,cookchristy,123,Khách hàng,,055184C
A538,katiemcdonald,123,Khách hàng,,043384C
A539,robertlee,123,Khách hàng,,008059C
A540,pam83,123,Khách hàng,,077760C
A541,isaac89,123,Khách hàng,,065554C
A542,shernandez,123,Khách hàng,,056207C
A543,knolan,123,Khách hàng,,056044C
A544,carlyjohnson,123,Khách hàng,,027335C
A545,ustein,123,Khách hàng,,051938C
A546,aaronbrown,123,Khách hàng,,017784C
A547,scottcraig,123,Khách hàng,,020910C
A548,donnarodriguez,123,Khách hàng,,035693C
A549,omiddleton,123,Khách hàng,,024036C
A550,nicole57,123,Khách hàng,,043131C
A551,frankgrant,123,Khách hàng,,007712C
A552,jennifer67,123,Khách hàng,,023925C
A553,meghan71,123,Khách hàng,,026140C
A554,jeffreywilson,123,Khách hàng,,074494C
A555,stephanielong,123,Khách hàng,,028001C
A556,nzimmerman,123,Khách hàng,,049085C
A557,janet06,123,Khách hàng,,049226C
A558,christophergutierrez,123,Khách hàng,,039482C
A559,ofernandez,123,Khách hàng,,061338C
A560,yuelizabeth,123,Khách hàng,,026201C
A561,iparker,123,Khách hàng,,028923C
A562,millertara,123,Khách hàng,,070818C
A563,ngoodwin,123,Khách hàng,,030411C
A564,xjensen,123,Khách hàng,,007324C
A565,christopher03,123,Khách hàng,,058339C
A566,matthewssusan,123,Khách hàng,,057896C
A567,eric41,123,Khách hàng,,058232C
A568,oramirez,123,Khách hàng,,077742C
A569,gcruz,123,Khách hàng,,031388C
A570,jeremy94,123,Khách hàng,,067883C
A571,williamsleslie,123,Khách hàng,,037014C
A572,hbrown,123,Khách hàng,,010366C
A573,ygraham,123,Khách hàng,,080851C
A574,wilsoncatherine,123,Khách hàng,,079519C
A575,kathleenmcclure,123,Khách hàng,,090538C
A576,thorntonjohn,123,Khách hàng,,042102C
A577,joseph15,123,Khách hàng,,093948C
A578,nathaniel38,123,Khách hàng,,023129C
A579,morganandrea,123,Khách hàng,,063377C
A580,rebeccaweiss,123,Khách hàng,,001649C
A581,martin51,123,Khách hàng,,099616C
A582,wmoses,123,Khách hàng,,043279C
A583,kingdalton,123,Khách hàng,,052668C
A584,callahanbrenda,123,Khách hàng,,057673C
A585,yjohnson,123,Khách hàng,,001631C
A586,michaelgrant,123,Khách hàng,,095800C
A587,wendysteele,123,Khách hàng,,037405C
A588,raymondlynch,123,Khách hàng,,018055C
A589,rbailey,123,Khách hàng,,061013C
A590,terri83,123,Khách hàng,,087403C
A591,stevenedwards,123,Khách hàng,,054553C
A592,joshuabeck,123,Khách hàng,,017657C
A593,millerlori,123,Khách hàng,,011993C
A594,monica50,123,Khách hàng,,003126C
A595,carrkelly,123,Khách hàng,,015517C
A596,jacksonjoshua,123,Khách hàng,,040082C
A597,williamreed,123,Khách hàng,,029854C
A598,gdavis,123,Khách hàng,,023236C
A599,lmartinez,123,Khách hàng,,079399C
A600,lbarajas,123,Khách hàng,,099708C
A601,john64,123,Khách hàng,,043312C
A602,johnsonalan,123,Khách hàng,,090303C
A603,charles55,123,Khách hàng,,088030C
A604,brandon38,123,Khách hàng,,058530C
A605,jordanbrown,123,Khách hàng,,083993C
A606,lbarnes,123,Khách hàng,,014942C
A607,jonedwards,123,Khách hàng,,046101C
A608,tpreston,123,Khách hàng,,045503C
A609,hendersongavin,123,Khách hàng,,061049C
A610,halllindsey,123,Khách hàng,,098901C
A611,fjohnson,123,Khách hàng,,085784C
A612,corey22,123,Khách hàng,,062007C
A613,wsmith,123,Khách hàng,,049198C
A614,alicia18,123,Khách hàng,,078485C
A615,vincentadams,123,Khách hàng,,053663C
A616,druiz,123,Khách hàng,,025715C
A617,jennadickerson,123,Khách hàng,,055622C
A618,james23,123,Khách hàng,,044192C
A619,kristina28,123,Khách hàng,,017538C
A620,amy23,123,Khách hàng,,034364C
A621,tschaefer,123,Khách hàng,,093000C
A622,johncastro,123,Khách hàng,,023664C
A623,juliewarren,123,Khách hàng,,040430C
A624,lauren07,123,Khách hàng,,067419C
A625,bryanjackson,123,Khách hàng,,024251C
A626,ilewis,123,Khách hàng,,000406C
A627,fgarcia,123,Khách hàng,,094016C
A628,nolanpatricia,123,Khách hàng,,001020C
A629,nixontonya,123,Khách hàng,,080106C
A630,rcole,123,Khách hàng,,091875C
A631,qdudley,123,Khách hàng,,096204C
A632,escott,123,Khách hàng,,071428C
A633,brendayang,123,Khách hàng,,010275C
A634,gillbrian,123,Khách hàng,,096592C
A635,steelejohn,123,Khách hàng,,030450C
A636,carolbeard,123,Khách hàng,,040995C
A637,alexander25,123,Khách hàng,,031691C
A638,michael48,123,Khách hàng,,098557C
A639,dennis73,123,Khách hàng,,061094C
A640,tmorgan,123,Khách hàng,,000030C
A641,staylor,123,Khách hàng,,079675C
A642,michael96,123,Khách hàng,,023867C
A643,sriley,123,Khách hàng,,093856C
A644,emily93,123,Khách hàng,,071576C
A645,ryanbaker,123,Khách hàng,,043231C
A646,williammorton,123,Khách hàng,,053232C
A647,qstark,123,Khách hàng,,079946C
A648,pturner,123,Khách hàng,,019278C
A649,clarkejames,123,Khách hàng,,030606C
A650,stephen10,123,Khách hàng,,047730C
A651,carlafoley,123,Khách hàng,,067968C
A652,petersenjay,123,Khách hàng,,090428C
A653,christinesolomon,123,Khách hàng,,091373C
A654,chelsea40,123,Khách hàng,,049232C
A655,smithsabrina,123,Khách hàng,,078177C
A656,mariecollins,123,Khách hàng,,079259C
A657,phillipporter,123,Khách hàng,,014657C
A658,michele19,123,Khách hàng,,002895C
A659,scasey,123,Khách hàng,,003527C
A660,tatealexis,123,Khách hàng,,003025C
A661,michael36,123,Khách hàng,,093213C
A662,luisflynn,123,Khách hàng,,020286C
A663,nbarrett,123,Khách hàng,,003157C
A664,owillis,123,Khách hàng,,001358C
A665,brownphyllis,123,Khách hàng,,067201C
A666,lucasdeborah,123,Khách hàng,,067847C
A667,waynebarnes,123,Khách hàng,,037322C
A668,cynthia93,123,Khách hàng,,072887C
A669,morgandevon,123,Khách hàng,,095093C
A670,todd79,123,Khách hàng,,097522C
A671,joseph17,123,Khách hàng,,056960C
A672,rachaelhunt,123,Khách hàng,,019293C
A673,afranklin,123,Khách hàng,,035250C
A674,catherinebarnes,123,Khách hàng,,045568C
A675,ginahess,123,Khách hàng,,084440C
A676,silvadaniel,123,Khách hàng,,047011C
A677,julieolson,123,Khách hàng,,080606C
A678,cohenronald,123,Khách hàng,,057334C
A679,kristen58,123,Khách hàng,,065085C
A680,smithcathy,123,Khách hàng,,060848C
A681,pamelarussell,123,Khách hàng,,019032C
A682,ublackwell,123,Khách hàng,,036629C
A683,christophermyers,123,Khách hàng,,070794C
A684,brandongutierrez,123,Khách hàng,,017901C
A685,williamskimberly,123,Khách hàng,,014490C
A686,annwarner,123,Khách hàng,,016761C
A687,isullivan,123,Khách hàng,,078113C
A688,newtonsean,123,Khách hàng,,092095C
A689,annwinters,123,Khách hàng,,036656C
A690,briannajackson,123,Khách hàng,,082283C
A691,raykeith,123,Khách hàng,,023667C
A692,jason00,123,Khách hàng,,086614C
A693,walterdanielle,123,Khách hàng,,075110C
A694,kendrawall,123,Khách hàng,,088388C
A695,shawnawilson,123,Khách hàng,,093037C
A696,adam52,123,Khách hàng,,089982C
A697,beth11,123,Khách hàng,,071255C
A698,jamie75,123,Khách hàng,,076196C
A699,hruiz,123,Khách hàng,,030071C
A700,millersamuel,123,Khách hàng,,004686C
A701,jdaniels,123,Khách hàng,,079970C
A702,ostone,123,Khách hàng,,037709C
A703,dawnpoole,123,Khách hàng,,054522C
A704,eddie12,123,Khách hàng,,055112C
A705,austinnewman,123,Khách hàng,,044745C
A706,beckalice,123,Khách hàng,,072305C
A707,michael76,123,Khách hàng,,076801C
A708,julie97,123,Khách hàng,,028300C
A709,jesse80,123,Khách hàng,,029673C
A710,xharrington,123,Khách hàng,,081238C
A711,laura03,123,Khách hàng,,080682C
A712,alvarezmicheal,123,Khách hàng,,027733C
A713,amystone,123,Khách hàng,,067786C
A714,villegasashley,123,Khách hàng,,015735C
A715,dunlaphector,123,Khách hàng,,054593C
A716,todd60,123,Khách hàng,,034049C
A717,destinywoods,123,Khách hàng,,009545C
A718,frances20,123,Khách hàng,,069098C
A719,kfox,123,Khách hàng,,086644C
A720,rdominguez,123,Khách hàng,,048196C
A721,blewis,123,Khách hàng,,075837C
A722,mlutz,123,Khách hàng,,039592C
A723,cherylstewart,123,Khách hàng,,031249C
A724,tiffany92,123,Khách hàng,,021597C
A725,xmyers,123,Khách hàng,,072121C
A726,nphillips,123,Khách hàng,,075441C
A727,sydney89,123,Khách hàng,,057810C
A728,sheri39,123,Khách hàng,,025841C
A729,claire25,123,Khách hàng,,073345C
A730,douglaswolf,123,Khách hàng,,095487C
A731,amandapage,123,Khách hàng,,056065C
A732,englishsean,123,Khách hàng,,066637C
A733,heatherburke,123,Khách hàng,,093255C
A734,jenniferdavis,123,Khách hàng,,074360C
A735,sconway,123,Khách hàng,,066330C
A736,mhill,123,Khách hàng,,032829C
A737,megan50,123,Khách hàng,,092225C
A738,leejames,123,Khách hàng,,053873C
A739,melanieellis,123,Khách hàng,,023672C
A740,walter76,123,Khách hàng,,093373C
A741,melinda60,123,Khách hàng,,024767C
A742,staffordmatthew,123,Khách hàng,,084723C
A743,kathryngilbert,123,Khách hàng,,038353C
A744,aparker,123,Khách hàng,,022633C
A745,rbrooks,123,Khách hàng,,069813C
A746,barberwendy,123,Khách hàng,,025351C
A747,hunterandres,123,Khách hàng,,053378C
A748,stephanie91,123,Khách hàng,,017389C
A749,andrewkramer,123,Khách hàng,,081960C
A750,christopher96,123,Khách hàng,,070514C
A751,kelseyjohnston,123,Khách hàng,,018475C
A752,joshuamoore,123,Khách hàng,,060052C
A753,brittanyperez,123,Khách hàng,,066047C
A754,nancyscott,123,Khách hàng,,093516C
A755,dustin94,123,Khách hàng,,076774C
A756,christianvillanueva,123,Khách hàng,,073570C
A757,ldickson,123,Khách hàng,,017597C
A758,monicasmith,123,Khách hàng,,097726C
A759,wgregory,123,Khách hàng,,019108C
A760,christopher94,123,Khách hàng,,082791C
A761,adamthomas,123,Khách hàng,,080351C
A762,joylowe,123,Khách hàng,,014123C
A763,fmartinez,123,Khách hàng,,003705C
A764,gordonstefanie,123,Khách hàng,,061242C
A765,stephenbeck,123,Khách hàng,,018245C
A766,phall,123,Khách hàng,,085367C
A767,emma31,123,Khách hàng,,035735C
A768,tracy58,123,Khách hàng,,024302C
A769,jeffery86,123,Khách hàng,,011188C
A770,thompsondaniel,123,Khách hàng,,088723C
A771,blackdillon,123,Khách hàng,,002562C
A772,qthomas,123,Khách hàng,,094234C
A773,kathleenthompson,123,Khách hàng,,008852C
A774,bakerterri,123,Khách hàng,,030109C
A775,whunt,123,Khách hàng,,030063C
A776,yfitzgerald,123,Khách hàng,,032880C
A777,kelseymarquez,123,Khách hàng,,016401C
A778,dianatorres,123,Khách hàng,,036561C
A779,kblack,123,Khách hàng,,018069C
A780,nclark,123,Khách hàng,,053189C
A781,gfritz,123,Khách hàng,,070212C
A782,rmartinez,123,Khách hàng,,093247C
A783,kcurry,123,Khách hàng,,014805C
A784,harrisjohn,123,Khách hàng,,096322C
A785,jrussell,123,Khách hàng,,078421C
A786,aliciarobinson,123,Khách hàng,,086700C
A787,leemichele,123,Khách hàng,,062581C
A788,cassandrapierce,123,Khách hàng,,046706C
A789,pburke,123,Khách hàng,,081949C
A790,emily79,123,Khách hàng,,021344C
A791,belltina,123,Khách hàng,,004481C
A792,jacquelinejohnson,123,Khách hàng,,011800C
A793,scottholmes,123,Khách hàng,,018958C
A794,margaretthomas,123,Khách hàng,,026742C
A795,mruiz,123,Khách hàng,,039425C
A796,mary46,123,Khách hàng,,047147C
A797,joann41,123,Khách hàng,,097229C
A798,serranomitchell,123,Khách hàng,,019959C
A799,hallderek,123,Khách hàng,,047008C
A800,melodywashington,123,Khách hàng,,084965C
A801,zacharyschultz,123,Khách hàng,,068528C
A802,darrellmorris,123,Khách hàng,,080339C
A803,wardlisa,123,Khách hàng,,021628C
A804,jamesphillips,123,Khách hàng,,020476C
A805,vcurtis,123,Khách hàng,,047850C
A806,jfoster,123,Khách hàng,,018736C
A807,ojones,123,Khách hàng,,056331C
A808,alisongreer,123,Khách hàng,,084275C
A809,lbell,123,Khách hàng,,015109C
A810,nancyjordan,123,Khách hàng,,061267C
A811,darrylmoore,123,Khách hàng,,086183C
A812,imoon,123,Khách hàng,,046536C
A813,cgiles,123,Khách hàng,,050060C
A814,karen91,123,Khách hàng,,075250C
A815,deborah11,123,Khách hàng,,014702C
A816,csanchez,123,Khách hàng,,017198C
A817,valenciafrances,123,Khách hàng,,085113C
A818,owensjordan,123,Khách hàng,,042054C
A819,jacqueline62,123,Khách hàng,,087451C
A820,colleenshelton,123,Khách hàng,,047643C
A821,stephaniesantos,123,Khách hàng,,000088C
A822,alexanderthomas,123,Khách hàng,,014908C
A823,michellemata,123,Khách hàng,,083483C
A824,carlosramirez,123,Khách hàng,,043988C
A825,cindy94,123,Khách hàng,,057534C
A826,tbraun,123,Khách hàng,,046428C
A827,thomastiffany,123,Khách hàng,,000313C
A828,reedjonathan,123,Khách hàng,,095773C
A829,bmyers,123,Khách hàng,,034027C
A830,denise31,123,Khách hàng,,031359C
A831,johnmills,123,Khách hàng,,006635C
A832,aflores,123,Khách hàng,,048434C
A833,robert88,123,Khách hàng,,063910C
A834,jenniferbaldwin,123,Khách hàng,,036369C
A835,tbradshaw,123,Khách hàng,,049510C
A836,wallacecynthia,123,Khách hàng,,074997C
A837,laurengreen,123,Khách hàng,,086969C
A838,christopher27,123,Khách hàng,,069288C
A839,hughesdawn,123,Khách hàng,,044872C
A840,welchkelsey,123,Khách hàng,,046680C
A841,kmcdonald,123,Khách hàng,,054359C
A842,ethansmith,123,Khách hàng,,086170C
A843,francojean,123,Khách hàng,,021518C
A844,toddruiz,123,Khách hàng,,038375C
A845,fanderson,123,Khách hàng,,050661C
A846,stephanie20,123,Khách hàng,,067505C
A847,matthewerickson,123,Khách hàng,,007369C
A848,sandovalryan,123,Khách hàng,,058796C
A849,christy35,123,Khách hàng,,045529C
A850,ichan,123,Khách hàng,,021832C
A851,wrightkathleen,123,Khách hàng,,048426C
A852,ralexander,123,Khách hàng,,069986C
A853,ronald66,123,Khách hàng,,036958C
A854,brandy18,123,Khách hàng,,097797C
A855,aanderson,123,Khách hàng,,025464C
A856,ppena,123,Khách hàng,,046539C
A857,gwalsh,123,Khách hàng,,009447C
A858,kevinrose,123,Khách hàng,,033617C
A859,aaron20,123,Khách hàng,,037977C
A860,morganmatthew,123,Khách hàng,,030889C
A861,johnkeith,123,Khách hàng,,047712C
A862,kgreen,123,Khách hàng,,097800C
A863,gross,123,Khách hàng,,061319C
A864,rodriguezjenny,123,Khách hàng,,094144C
A865,amy84,123,Khách hàng,,087000C
A866,garciachristina,123,Khách hàng,,043949C
A867,sanchezmary,123,Khách hàng,,025328C
A868,seanmartin,123,Khách hàng,,023012C
A869,rebecca27,123,Khách hàng,,099638C
A870,castroallen,123,Khách hàng,,018526C
A871,garciachristopher,123,Khách hàng,,059729C
A872,uclark,123,Khách hàng,,066741C
A873,pperez,123,Khách hàng,,018261C
A874,jacob09,123,Khách hàng,,006929C
A875,mwaller,123,Khách hàng,,007085C
A876,justinpalmer,123,Khách hàng,,072907C
A877,wfuller,123,Khách hàng,,072591C
A878,tgilmore,123,Khách hàng,,014412C
A879,melvin22,123,Khách hàng,,033556C
A880,rachelmorris,123,Khách hàng,,071342C
A881,watsonchristy,123,Khách hàng,,032300C
A882,emma01,123,Khách hàng,,001747C
A883,ldaniel,123,Khách hàng,,065482C
A884,lisabean,123,Khách hàng,,058050C
A885,andrea07,123,Khách hàng,,086781C
A886,ymcclain,123,Khách hàng,,019310C
A887,mrichardson,123,Khách hàng,,000307C
A888,carlosbraun,123,Khách hàng,,025468C
A889,ballheather,123,Khách hàng,,024849C
A890,naustin,123,Khách hàng,,003569C
A891,pattersonamy,123,Khách hàng,,098102C
A892,jocelyn03,123,Khách hàng,,025895C
A893,marie67,123,Khách hàng,,021500C
A894,caleb01,123,Khách hàng,,046576C
A895,nicholas66,123,Khách hàng,,065700C
A896,justinbonilla,123,Khách hàng,,007003C
A897,burtoncynthia,123,Khách hàng,,020111C
A898,rmoore,123,Khách hàng,,090452C
A899,zhardin,123,Khách hàng,,019441C
A900,terry54,123,Khách hàng,,006320C
A901,lmeyers,123,Khách hàng,,018470C
A902,michaelcoleman,123,Khách hàng,,042275C
A903,rcollins,123,Khách hàng,,072826C
A904,veronicahall,123,Khách hàng,,033110C
A905,webereric,123,Khách hàng,,080997C
A906,xwiley,123,Khách hàng,,032139C
A907,thompsoncassandra,123,Khách hàng,,000718C
A908,deborahwhite,123,Khách hàng,,013119C
A909,lleonard,123,Khách hàng,,092366C
A910,randy48,123,Khách hàng,,091025C
A911,mooreeric,123,Khách hàng,,055675C
A912,guerrerothomas,123,Khách hàng,,066004C
A913,jessica44,123,Khách hàng,,095275C
A914,rjohnson,123,Khách hàng,,052001C
A915,kathleen10,123,Khách hàng,,080183C
A916,jeffrey74,123,Khách hàng,,025018C
A917,nicholasjones,123,Khách hàng,,060124C
A918,williamssara,123,Khách hàng,,051077C
A919,adrian40,123,Khách hàng,,002818C
A920,johnsonbradley,123,Khách hàng,,050081C
A921,terrymiller,123,Khách hàng,,092061C
A922,andrewnewton,123,Khách hàng,,079615C
A923,laurajones,123,Khách hàng,,023534C
A924,lawsondonna,123,Khách hàng,,057540C
A925,lorimichael,123,Khách hàng,,006588C
A926,ubenitez,123,Khách hàng,,027974C
A927,ambertaylor,123,Khách hàng,,004771C
A928,jessica68,123,Khách hàng,,004268C
A929,christopherhunter,123,Khách hàng,,014687C
A930,crossangela,123,Khách hàng,,036754C
A931,danielvirginia,123,Khách hàng,,061389C
A932,allison58,123,Khách hàng,,036917C
A933,pstout,123,Khách hàng,,007908C
A934,hernandezrichard,123,Khách hàng,,085029C
A935,jill58,123,Khách hàng,,074144C
A936,andrew02,123,Khách hàng,,059548C
A937,joy32,123,Khách hàng,,046323C
A938,darrellburns,123,Khách hàng,,094116C
A939,restrada,123,Khách hàng,,030518C
A940,lisa02,123,Khách hàng,,084314C
A941,lisa53,123,Khách hàng,,028048C
A942,shawtroy,123,Khách hàng,,093800C
A943,manuel19,123,Khách hàng,,069253C
A944,michaelross,123,Khách hàng,,026462C
A945,bernardkim,123,Khách hàng,,080467C
A946,cgrant,123,Khách hàng,,025748C
A947,jesse06,123,Khách hàng,,094134C
A948,kimberly24,123,Khách hàng,,043614C
A949,garnerjoseph,123,Khách hàng,,007869C
A950,forbesdeborah,123,Khách hàng,,033896C
A951,ayalajoseph,123,Khách hàng,,002706C
A952,jonhouse,123,Khách hàng,,035792C
A953,jacksonjames,123,Khách hàng,,079046C
A954,russelllisa,123,Khách hàng,,044418C
A955,scottanthony,123,Khách hàng,,028227C
A956,markwu,123,Khách hàng,,011170C
A957,brandycardenas,123,Khách hàng,,050384C
A958,daykaren,123,Khách hàng,,006434C
A959,shawnpayne,123,Khách hàng,,092678C
A960,vwatkins,123,Khách hàng,,090104C
A961,michael06,123,Khách hàng,,088753C
A962,jacob36,123,Khách hàng,,043910C
A963,estradasarah,123,Khách hàng,,097036C
A964,zgutierrez,123,Khách hàng,,048031C
A965,ericpatterson,123,Khách hàng,,077552C
A966,vwilcox,123,Khách hàng,,093118C
A967,johnnyhaynes,123,Khách hàng,,088935C
A968,rebekahsmith,123,Khách hàng,,072780C
A969,coreymoore,123,Khách hàng,,088991C
A970,raymondboyd,123,Khách hàng,,023865C
A971,uflores,123,Khách hàng,,012942C
A972,hhenry,123,Khách hàng,,099639C
A973,catherine44,123,Khách hàng,,005540C
A974,nicholas80,123,Khách hàng,,010236C
A975,gpineda,123,Khách hàng,,015755C
A976,robertsimon,123,Khách hàng,,009769C
A977,bbowen,123,Khách hàng,,088315C
A978,zpeters,123,Khách hàng,,019698C
A979,jennifer00,123,Khách hàng,,014389C
A980,yshelton,123,Khách hàng,,029630C
A981,andrea87,123,Khách hàng,,044643C
A982,zlane,123,Khách hàng,,088434C
A983,lawsonjason,123,Khách hàng,,074647C
A984,gjones,123,Khách hàng,,010396C
A985,kristinachavez,123,Khách hàng,,085561C
A986,tonyacrawford,123,Khách hàng,,047915C
A987,jdalton,123,Khách hàng,,001394C
A988,qpatton,123,Khách hàng,,041201C
A989,hpeterson,123,Khách hàng,,057627C
A990,kimberlyward,123,Khách hàng,,038253C
A991,phillip89,123,Khách hàng,,073842C
A992,parkerdavid,123,Khách hàng,,041981C
A993,dustinpeck,123,Khách hàng,,066527C
A994,bradleyburns,123,Khách hàng,,081255C
A995,berrybrent,123,Quản lý công ty,,
A996,khart,123,Quản lý công ty,,
A997,christopher52,123,Quản lý công ty,,
A998,cdurham,123,Quản lý công ty,,
A999,dakota19,123,Quản lý công ty,,
